-- MySQL Administrator dump 1.4
--
-- ------------------------------------------------------
-- Server version	5.1.34-community


/*!40101 SET @OLD_CHARACTER_SET_CLIENT=@@CHARACTER_SET_CLIENT */;
/*!40101 SET @OLD_CHARACTER_SET_RESULTS=@@CHARACTER_SET_RESULTS */;
/*!40101 SET @OLD_COLLATION_CONNECTION=@@COLLATION_CONNECTION */;
/*!40101 SET NAMES utf8 */;

/*!40014 SET @OLD_UNIQUE_CHECKS=@@UNIQUE_CHECKS, UNIQUE_CHECKS=0 */;
/*!40014 SET @OLD_FOREIGN_KEY_CHECKS=@@FOREIGN_KEY_CHECKS, FOREIGN_KEY_CHECKS=0 */;
/*!40101 SET @OLD_SQL_MODE=@@SQL_MODE, SQL_MODE='NO_AUTO_VALUE_ON_ZERO' */;


--
-- Create schema hotelmanager
--

CREATE DATABASE IF NOT EXISTS hotelmanager;
USE hotelmanager;

--
-- Definition of table `bill`
--

DROP TABLE IF EXISTS `bill`;
CREATE TABLE `bill` (
  `ID` bigint(20) NOT NULL,
  `customerID` bigint(20) NOT NULL,
  `roomID` int(11) NOT NULL,
  `roomType` int(11) NOT NULL,
  `employeeID` bigint(20) NOT NULL,
  `amount` float NOT NULL,
  PRIMARY KEY (`ID`),
  KEY `CUSTOMERID` (`customerID`),
  KEY `ROOMID` (`roomID`),
  KEY `ROOMTYPE` (`roomType`),
  KEY `EMPLOYEEID` (`employeeID`)
) ENGINE=InnoDB DEFAULT CHARSET=utf8 ROW_FORMAT=DYNAMIC;

--
-- Dumping data for table `bill`
--

/*!40000 ALTER TABLE `bill` DISABLE KEYS */;
INSERT INTO `bill` (`ID`,`customerID`,`roomID`,`roomType`,`employeeID`,`amount`) VALUES 
 (1243840605467,66666666,104,1,74,300),
 (1243840605468,44444444,407,0,0,300),
 (1243840605469,77777777,307,3,83,300),
 (1243840605470,33333333,103,1,74,300),
 (1243840605471,66666666,305,3,61,300),
 (1243840605472,10101010,106,2,74,300),
 (1243840605473,88888888,104,1,61,300),
 (1243840605474,11111111,103,1,74,300),
 (1243840605475,32323232,103,1,61,300),
 (1243840605476,22222222,603,4,63,300),
 (1243898205457,77777777,401,2,66,300),
 (1243898205458,99999999,502,3,74,300),
 (1243898205459,32323232,603,4,0,300),
 (1243898205460,10101010,506,2,66,300),
 (1243898205461,44444444,106,2,1,300),
 (1243898205462,77777777,201,2,74,300),
 (1243898205463,88888888,607,3,63,300),
 (1243898205464,77777777,607,3,83,300),
 (1243898205465,77777777,202,2,1,300),
 (1243898205466,77777777,203,4,1,300),
 (1243955805447,44444444,107,1,61,300),
 (1243955805448,8989,207,3,66,300),
 (1243955805449,77777777,204,2,0,300),
 (1243955805450,99999999,307,3,1,300),
 (1243955805451,10101010,104,1,74,300),
 (1243955805452,56565656,306,4,61,300),
 (1243955805453,8989,106,2,63,300),
 (1243955805454,88888888,307,3,1,300),
 (1243955805455,32323232,301,2,63,300),
 (1243955805456,88888888,101,0,83,300),
 (1244013405437,77777777,602,4,1,300),
 (1244013405438,56565656,605,2,66,300),
 (1244013405439,44444444,106,2,83,300),
 (1244013405440,66666666,107,1,83,300),
 (1244013405441,22222222,306,4,63,300),
 (1244013405442,56565656,306,4,0,300),
 (1244013405443,33333333,603,4,63,300),
 (1244013405444,66666666,507,4,66,300),
 (1244013405445,12121212,602,4,74,300),
 (1244013405446,55555555,405,0,61,300),
 (1244071005427,12121212,202,2,0,300),
 (1244071005428,33333333,301,2,61,300),
 (1244071005429,55555555,401,2,61,300),
 (1244071005430,8989,605,2,83,300),
 (1244071005431,33333333,505,2,83,300),
 (1244071005432,11111111,405,0,74,300),
 (1244071005433,56565656,103,1,74,300),
 (1244071005434,22222222,503,3,83,300),
 (1244071005435,12121212,503,3,0,300),
 (1244071005436,66666666,506,2,83,300),
 (1244128605417,8989,105,3,63,300),
 (1244128605418,88888888,507,4,63,300),
 (1244128605419,56565656,402,4,63,300),
 (1244128605420,88888888,403,3,63,300),
 (1244128605421,55555555,602,4,0,300),
 (1244128605422,12121212,207,3,74,300),
 (1244128605423,55555555,304,3,74,300),
 (1244128605424,8989,304,3,83,300),
 (1244128605425,66666666,302,0,66,300),
 (1244128605426,10101010,107,1,1,300),
 (1244186205407,12121212,501,3,83,300),
 (1244186205408,22222222,207,3,83,300),
 (1244186205409,44444444,603,4,61,300),
 (1244186205410,77777777,101,0,74,300),
 (1244186205411,10101010,402,4,63,300),
 (1244186205412,12121212,402,4,83,300),
 (1244186205413,99999999,104,1,74,300),
 (1244186205414,99999999,405,0,61,300),
 (1244186205415,55555555,104,1,83,300),
 (1244186205416,77777777,507,4,63,300),
 (1244243805397,11111111,603,4,63,300),
 (1244243805398,66666666,107,1,61,300),
 (1244243805399,44444444,307,3,63,300),
 (1244243805400,55555555,402,4,0,300),
 (1244243805401,8989,207,3,74,300),
 (1244243805402,10101010,307,3,63,300),
 (1244243805403,66666666,105,3,0,300),
 (1244243805404,32323232,306,4,63,300),
 (1244243805405,44444444,502,3,74,300),
 (1244243805406,32323232,505,2,1,300),
 (1244301405387,11111111,405,0,1,300),
 (1244301405388,77777777,105,3,66,300),
 (1244301405389,8989,105,3,74,300),
 (1244301405390,66666666,605,2,83,300),
 (1244301405391,66666666,302,0,1,300),
 (1244301405392,11111111,101,0,61,300),
 (1244301405393,88888888,606,2,63,300),
 (1244301405394,77777777,401,2,0,300),
 (1244301405395,33333333,204,2,1,300),
 (1244301405396,77777777,203,4,66,300),
 (1244359005377,11111111,502,3,1,300),
 (1244359005378,11111111,505,2,63,300),
 (1244359005379,44444444,506,2,61,300),
 (1244359005380,66666666,506,2,1,300),
 (1244359005381,10101010,502,3,1,300),
 (1244359005382,11111111,407,0,66,300),
 (1244359005383,22222222,204,2,63,300),
 (1244359005384,99999999,607,3,0,300),
 (1244359005385,10101010,501,3,83,300),
 (1244359005386,8989,502,3,0,300),
 (1244416605367,10101010,503,3,83,300),
 (1244416605368,77777777,307,3,74,300),
 (1244416605369,10101010,301,2,74,300),
 (1244416605370,56565656,505,2,83,300),
 (1244416605371,33333333,601,4,63,300),
 (1244416605372,8989,503,3,0,300),
 (1244416605373,55555555,603,4,1,300),
 (1244416605374,10101010,406,0,74,300),
 (1244416605375,66666666,104,1,61,300),
 (1244416605376,12121212,203,4,83,300),
 (1244474205357,44444444,101,0,66,300),
 (1244474205358,99999999,205,0,83,300),
 (1244474205359,10101010,205,0,63,300),
 (1244474205360,44444444,405,0,0,300),
 (1244474205361,55555555,301,2,74,300),
 (1244474205362,66666666,201,2,1,300),
 (1244474205363,56565656,607,3,61,300),
 (1244474205364,44444444,201,2,83,300),
 (1244474205365,56565656,504,2,74,300),
 (1244474205366,56565656,201,2,74,300),
 (1244508072766,12121212,102,1,1,200),
 (1244508118881,12121212,102,1,1,200),
 (1244513261553,22222222,104,1,1,200),
 (1244513441796,11111111,105,3,1,500),
 (1244513441797,11111111,107,1,1,200),
 (1244513441798,11111111,201,2,1,300),
 (1244513441799,11111111,207,3,1,400),
 (1244513441800,11111111,606,2,1,300),
 (1244513503775,22222222,106,2,1,300),
 (1244513503776,22222222,202,2,1,300),
 (1244513503777,22222222,204,2,1,300),
 (1244513636609,66666666,302,0,1,100),
 (1244693152925,22222222,106,2,1111,300),
 (1244695101709,22222222,202,2,1,300),
 (1244695431236,44444444,203,4,1,600),
 (1244709471587,22222222,204,2,1,300),
 (12447172221981,10101010,205,0,1,100);
/*!40000 ALTER TABLE `bill` ENABLE KEYS */;


--
-- Definition of table `customer`
--

DROP TABLE IF EXISTS `customer`;
CREATE TABLE `customer` (
  `ID` bigint(20) NOT NULL,
  `name` varchar(20) NOT NULL DEFAULT 'noname',
  `sex` int(10) NOT NULL DEFAULT '0',
  `discount` int(10) NOT NULL DEFAULT '100',
  `balance` float NOT NULL DEFAULT '0',
  PRIMARY KEY (`ID`),
  KEY `NAME` (`name`)
) ENGINE=InnoDB DEFAULT CHARSET=utf8 ROW_FORMAT=DYNAMIC;

--
-- Dumping data for table `customer`
--

/*!40000 ALTER TABLE `customer` DISABLE KEYS */;
INSERT INTO `customer` (`ID`,`name`,`sex`,`discount`,`balance`) VALUES 
 (11111111,'test1',0,100,0),
 (12121212,'Peter',0,100,0),
 (22222222,'test2',1,100,0),
 (32323232,'Mary',0,100,0),
 (33333333,'test3',0,100,0),
 (44444444,'test4',1,100,0),
 (55555555,'test5',1,100,0),
 (56565656,'John',1,100,0),
 (66666666,'test6',0,100,0),
 (77777777,'test7',0,100,0),
 (88888888,'test8',0,100,0),
 (99999999,'test9',0,100,0);
/*!40000 ALTER TABLE `customer` ENABLE KEYS */;


--
-- Definition of table `employee`
--

DROP TABLE IF EXISTS `employee`;
CREATE TABLE `employee` (
  `ID` bigint(20) NOT NULL,
  `type` int(10) NOT NULL DEFAULT '2',
  `password` varchar(20) NOT NULL DEFAULT '1234',
  `name` varchar(20) NOT NULL DEFAULT 'noname',
  `sex` int(10) NOT NULL DEFAULT '0',
  PRIMARY KEY (`ID`),
  KEY `TYPE` (`type`),
  KEY `NAME` (`name`)
) ENGINE=InnoDB DEFAULT CHARSET=utf8 ROW_FORMAT=DYNAMIC;

--
-- Dumping data for table `employee`
--

/*!40000 ALTER TABLE `employee` DISABLE KEYS */;
INSERT INTO `employee` (`ID`,`type`,`password`,`name`,`sex`) VALUES 
 (0,0,'0000','admin',0),
 (1,1,'1111','manager',0),
 (2,2,'2222','receptionist',0),
 (61,2,'1111','test',0),
 (63,2,'1111','hank',0),
 (66,2,'1111','sange',0),
 (74,2,'1111','eva',0),
 (83,2,'1111','yugi',0);
/*!40000 ALTER TABLE `employee` ENABLE KEYS */;


--
-- Definition of table `room`
--

DROP TABLE IF EXISTS `room`;
CREATE TABLE `room` (
  `ID` int(10) NOT NULL,
  `type` int(10) NOT NULL DEFAULT '0',
  `price` float NOT NULL DEFAULT '0',
  `description` varchar(32) NOT NULL DEFAULT '',
  `state` int(11) NOT NULL DEFAULT '0',
  `checkInDate` timestamp NOT NULL DEFAULT '0000-00-00 00:00:00',
  `checkOutDate` timestamp NOT NULL DEFAULT '0000-00-00 00:00:00',
  `customerID` bigint(20) NOT NULL DEFAULT '0',
  PRIMARY KEY (`ID`),
  KEY `TYPE` (`type`),
  KEY `CUSTOMERID` (`customerID`),
  KEY `STATE` (`state`) USING BTREE
) ENGINE=InnoDB DEFAULT CHARSET=utf8 ROW_FORMAT=DYNAMIC;

--
-- Dumping data for table `room`
--

/*!40000 ALTER TABLE `room` DISABLE KEYS */;
INSERT INTO `room` (`ID`,`type`,`price`,`description`,`state`,`checkInDate`,`checkOutDate`,`customerID`) VALUES 
 (101,0,100,'一厅两房,窗向街头边，可观街景',0,'2009-06-08 21:00:00','2009-06-09 12:00:00',0),
 (102,1,200,'两张1.2米床,窗向街边,可观街景',0,'2009-06-09 22:00:00','2009-06-11 12:00:00',0),
 (103,1,200,'无窗,一张2米大床',0,'2009-06-08 21:00:00','2009-06-09 12:00:00',0),
 (104,1,200,'两张1.2米床,窗向街边,可观街景',0,'2009-06-08 21:00:00','2009-06-09 12:00:00',0),
 (105,3,500,'无窗,一张2米大床,玻璃浴室',0,'2009-06-08 21:00:00','2009-06-09 12:00:00',0),
 (106,2,300,'两张1.2米床,窗向街边,可观街景,玻璃浴室',0,'2009-06-08 21:00:00','2009-06-09 12:00:00',0),
 (107,1,200,'向江边,可观江景,一张1.6米床,玻璃浴室',0,'2009-06-08 21:00:00','2009-06-09 12:00:00',0),
 (201,2,300,'无窗,两张1.2米床,玻璃浴室',0,'2009-06-08 21:00:00','2009-06-09 12:00:00',0),
 (202,2,300,'无窗,一张2米床',3,'2009-06-08 21:00:00','2009-06-09 12:00:00',0),
 (203,4,600,'窗向江边可观江景,一张2米大床,玻璃浴室',3,'2009-06-08 21:00:00','2009-06-09 12:00:00',0),
 (204,2,300,'无窗.三张1.2米床',3,'2009-06-08 21:00:00','2009-06-09 12:00:00',0),
 (205,0,100,'窗向江边可观江景,一张1.6米床 玻璃浴室',2,'2009-06-11 22:00:00','2009-06-14 12:00:00',10101010),
 (206,2,300,'向江边,可观江景,一张1.6米床,一张1.2米张',2,'2009-06-08 21:00:00','2009-06-09 12:00:00',66666666),
 (207,3,400,'无窗,三张1.2米床',0,'2009-06-09 10:00:00','2009-06-10 12:00:00',0),
 (301,2,300,'向江边可观江景,一张1.6米张,一张1.2米床',2,'2009-06-08 21:00:00','2009-06-09 12:00:00',88888888),
 (302,0,100,'无窗,一张2米床',3,'2009-06-08 21:00:00','2009-06-09 12:00:00',0),
 (303,4,600,'窗向街边可观街景,两张1.2米床',2,'2009-06-08 21:00:00','2009-06-09 12:00:00',44444444),
 (304,3,400,'窗向街边可观街景,两张1.2米床',2,'2009-06-08 21:00:00','2009-06-09 12:00:00',44444444),
 (305,3,400,'向江边可观江景,一张1.6米床,一张1.2米床',2,'2009-06-08 21:00:00','2009-06-09 12:00:00',55555555),
 (306,4,200,'两张1.2米床,窗向街边,可观街景',2,'2009-06-08 21:00:00','2009-06-09 12:00:00',44444444),
 (307,3,500,'两张1.2米床,窗向街边,可观街景',2,'2009-06-08 21:00:00','2009-06-09 12:00:00',55555555),
 (401,2,300,'两张1.2米床,窗向街边,可观街景',2,'2009-06-08 21:00:00','2009-06-09 12:00:00',77777777),
 (402,4,600,'两张1.2米床,窗向街边,可观街景,玻璃浴室',2,'2009-06-08 21:00:00','2009-06-09 12:00:00',55555555),
 (403,3,500,'两张1.2米床,窗向街边,可观街景,玻璃浴室',2,'2009-06-08 21:00:00','2009-06-09 12:00:00',88888888),
 (404,1,200,'无窗,一张2米大床,玻璃浴室无窗',2,'2009-06-08 21:00:00','2009-06-09 12:00:00',66666666),
 (405,0,100,'向江边可观江景,一张2米大床',2,'2009-06-08 21:00:00','2009-06-09 12:00:00',77777777),
 (406,0,100,'无窗,一张2米大床,玻璃浴室无窗',2,'2009-06-08 21:00:00','2009-06-09 12:00:00',55555555),
 (407,0,100,'一厅两房,窗向街边可观街景，一间单人房',2,'2009-06-08 21:00:00','2009-06-09 12:00:00',66666666),
 (501,3,500,'向江边可观江景,一张2米大床',2,'2009-06-08 21:00:00','2009-06-09 12:00:00',77777777),
 (502,3,500,'一厅两房,窗向街边可观街景，一间单人房',2,'2009-06-08 21:00:00','2009-06-09 12:00:00',88888888),
 (503,3,500,'窗向江边可观江景,一张2米大床,玻璃浴室',2,'2009-06-08 21:00:00','2009-06-09 12:00:00',77777777),
 (504,2,300,'无窗,三张1.2米床无窗',2,'2009-06-08 22:00:00','2009-06-09 12:00:00',8989),
 (505,2,300,'无窗,一张2米床',2,'2009-06-08 21:00:00','2009-06-09 12:00:00',77777777),
 (506,2,300,'向江边可观江景,一张2米大床',2,'2009-06-08 21:00:00','2009-06-09 12:00:00',99999999),
 (507,4,600,'窗向江边可观江景,一张2米大床,玻璃浴室',2,'2009-06-08 22:00:00','2009-06-11 12:00:00',56565656),
 (601,4,600,'向江边可观江景,一张1.2米床,玻璃浴室向江边',2,'2009-06-08 21:00:00','2009-06-09 12:00:00',88888888),
 (602,4,600,'无窗,一张2米床',2,'2009-06-08 21:00:00','2009-06-09 12:00:00',88888888),
 (603,4,600,'向江边可观江景,一张1.2米床,玻璃浴室',2,'2009-06-08 21:00:00','2009-06-09 12:00:00',99999999),
 (604,3,500,'窗向江边可观江景,一张2米大床,玻璃浴室',2,'2009-06-08 22:00:00','2009-06-09 12:00:00',32323232),
 (605,2,300,'向江边可观江景,一张1.2米床,玻璃浴室向江边',2,'2009-06-08 21:00:00','2009-06-09 12:00:00',99999999),
 (606,2,300,'两张1.2米床,窗向街边,可观街景',0,'2009-06-09 10:00:00','2009-06-10 12:00:00',0),
 (607,3,500,'向江边可观江景,一张1.2米床,玻璃浴室向江边',0,'2009-06-08 21:00:00','2009-06-09 12:00:00',0);
/*!40000 ALTER TABLE `room` ENABLE KEYS */;




/*!40101 SET SQL_MODE=@OLD_SQL_MODE */;
/*!40014 SET FOREIGN_KEY_CHECKS=@OLD_FOREIGN_KEY_CHECKS */;
/*!40014 SET UNIQUE_CHECKS=@OLD_UNIQUE_CHECKS */;
/*!40101 SET CHARACTER_SET_CLIENT=@OLD_CHARACTER_SET_CLIENT */;
/*!40101 SET CHARACTER_SET_RESULTS=@OLD_CHARACTER_SET_RESULTS */;
/*!40101 SET COLLATION_CONNECTION=@OLD_COLLATION_CONNECTION */;
/*!40101 SET CHARACTER_SET_CLIENT=@OLD_CHARACTER_SET_CLIENT */;
